ID,UKGDName,UKGD,CMiCD,,,,,,,,,
315,TNC,"Clarksville, TN",CGA,,,,,,,,,
16,90070,Construction Management,CGA,,,,,,,,,
173,HJRC,HJR Corporate,CGA,,,,,,,,,
319,CNVA,"Leesburg, VA",CGA,,,,,,,,,
324,LNC,"Lenoir, NC",CGA,,,,,,,,,
325,CNTF,"Tampa, FL",CGA,,,,,,,,,
313,BMA,"Boston, MA",CMA,,,,,,,,,
273,TXH,CN-TX,CTX,,,,,,,,,
320,ATX,Austin,CTX,,,,,,,,,
323,LAC,"Los Angeles, CA",PMG,,,,,,,,,
317,PMSC,Prog. Management - SC,PMG,,,,,,,,,
316,PMTX,Prog. Management - TX,PMG,,,,,,,,,
13,90012,Program Management,PMG,,,,,,,,,
